variavel,limite_credito,sexo,escolaridade,estado_civil,idade,atraso_pagto_0,atraso_pagto_2,atraso_pagto_3,atraso_pagto_4,atraso_pagto_5,atraso_pagto_6,fatura_valor_1,fatura_valor_2,fatura_valor_3,fatura_valor_4,fatura_valor_5,fatura_valor_6,pagto_valor_1,pagto_valor_2,pagto_valor_3,pagto_valor_4,pagto_valor_5,pagto_valor_6
limite_credito,1,0.024755235111644167,-0.2191606982292125,-0.10813941027801252,0.14471279755733588,-0.2712143321347183,-0.2963821009964801,-0.28612295390311376,-0.26746000963939126,-0.24941139482411068,-0.2351953994854254,0.28542986496498995,0.2783143639977619,0.2832357835816837,0.2939876237159871,0.2955623376582322,0.2903889506479484,0.1952359152322094,0.17840795368370446,0.21016674772338986,0.20324241022458225,0.2172024323954964,0.2195953686044186
sexo,0.024755235111644167,1,0.014231936162206601,-0.03138884007085256,-0.09087364652739253,-0.057642878866986325,-0.07077100316682193,-0.06609605640042976,-0.060173238366203474,-0.05506388503522659,-0.044007788187657514,-0.03364186958914888,-0.031183472229667032,-0.02456331168140327,-0.02187967907348509,-0.017005180187325938,-0.016733126348159055,-2.424545629413905e-4,-0.0013909096590867416,-0.00859662491174365,-0.002228971507005885,-0.0016671618004742287,-0.0027660222828917017
escolaridade,-0.2191606982292125,0.014231936162206601,1,-0.14346434041144723,0.17506066148808325,0.1053639979353243,0.12156555247066905,0.11402490285713497,0.10879345615278681,0.09752016063019511,0.08231598637746745,0.02358118073711463,0.018748770808322445,0.013002400711998824,-4.513453087488742e-4,-0.0075665030468415675,-0.009098954697455287,-0.037456183913116545,-0.030038186562838545,-0.03994314086710713,-0.03821816611134169,-0.04035845492819669,-0.037199903089169414
estado_civil,-0.10813941027801252,-0.03138884007085256,-0.14346434041144723,1,-0.41416991848813217,0.019917190483426758,0.02419906728119352,0.032687673337236794,0.033121548914055,0.0356291703665558,0.034344765997445195,-0.02347180191012977,-0.0216017798590305,-0.024909451022500705,-0.0233438469153761,-0.02539339799127467,-0.02120682480007925,-0.0059789997808353396,-0.008092702837779978,-0.0035413519467575837,-0.01265927889271911,-0.001204756915565239,-0.006640941925653485
idade,0.14471279755733588,-0.09087364652739253,0.17506066148808325,-0.41416991848813217,1,-0.03944737618411914,-0.05014777620685457,-0.05304843725816231,-0.04972167399537691,-0.05382597641308483,-0.048773426428322816,0.05623853326056581,0.054283074350341826,0.0537097051786593,0.05135309324332045,0.0493450481126112,0.047612677990510985,0.02614667905698888,0.02178489339261368,0.029247353045010364,0.021379005615589933,0.022849973558558473,0.01947815296986948
atraso_pagto_0,-0.2712143321347183,-0.057642878866986325,0.1053639979353243,0.019917190483426758,-0.03944737618411914,1,0.6721643825483117,0.5742450926204353,0.5388406268712331,0.5094260636654467,0.47455308606415136,0.18706843147380192,0.18985910889354352,0.17978528216681824,0.17912477062587792,0.1806346254012071,0.17698029564144022,-0.0792687111854194,-0.07010052119393792,-0.07056083767035523,-0.06400488888773116,-0.05818988594977733,-0.0586732143760703
atraso_pagto_2,-0.2963821009964801,-0.07077100316682193,0.12156555247066905,0.02419906728119352,-0.05014777620685457,0.6721643825483117,1,0.7665516829340953,0.6620671310239536,0.6227802453768725,0.5755008617793069,0.23488652660358295,0.23525694274352466,0.2241458550316268,0.22223651161283858,0.2213483730334268,0.2194033512866797,-0.08070070981016712,-0.05898999903461274,-0.05590123130096803,-0.04685841151354553,-0.037093079770128254,-0.03650037552721855
atraso_pagto_3,-0.28612295390311376,-0.06609605640042976,0.11402490285713497,0.032687673337236794,-0.05304843725816231,0.5742450926204353,0.7665516829340953,1,0.7773588733012698,0.686774510994786,0.6326835927184407,0.20847288868975877,0.23729453440292597,0.22749432669556016,0.22720228070078816,0.22514519307202102,0.22232673743630643,0.0012948143319479733,-0.06679339566551315,-0.05331077958610213,-0.04606653388796135,-0.03586307056136072,-0.035861083718773064
atraso_pagto_4,-0.26746000963939126,-0.060173238366203474,0.10879345615278681,0.033121548914055,-0.04972167399537691,0.5388406268712331,0.6620671310239536,0.7773588733012698,1,0.8198353114868195,0.7164494815807878,0.20281206938745033,0.22581631606808772,0.24498313796206522,0.24591720419843824,0.24290205842488427,0.23915412960583946,-0.009362135754402243,-0.001943656607903976,-0.06923520356768684,-0.04346142965539468,-0.03358953474812156,-0.02656508796765079
atraso_pagto_5,-0.24941139482411068,-0.05506388503522659,0.09752016063019511,0.0356291703665558,-0.05382597641308483,0.5094260636654467,0.6227802453768725,0.686774510994786,0.8198353114868195,1,0.8169001604176753,0.20668396424409677,0.22691326699152764,0.2433346809202376,0.2719150069981082,0.2697830901511365,0.262509251668419,-0.006088757138842332,-0.0031913323070527884,0.009062362681555518,-0.05829886530946867,-0.0333365042128013,-0.02302745098759596
atraso_pagto_6,-0.2351953994854254,-0.044007788187657514,0.08231598637746745,0.034344765997445195,-0.048773426428322816,0.47455308606415136,0.5755008617793069,0.6326835927184407,0.7164494815807878,0.8169001604176753,1,0.20737313129565996,0.22692443093066764,0.2411811460423211,0.2663560690339061,0.2908937449486052,0.2850909906925681,-0.0014962890433180731,-0.005223268144054515,0.005833774192896929,0.01901786328244164,-0.04643364107299612,-0.025299338462285284
fatura_valor_1,0.28542986496498995,-0.03364186958914888,0.02358118073711463,-0.02347180191012977,0.05623853326056581,0.18706843147380192,0.23488652660358295,0.20847288868975877,0.20281206938745033,0.20668396424409677,0.20737313129565996,1,0.9514836727518164,0.892278529127181,0.8602721890293087,0.8297786058329929,0.8026501885528523,0.1402772775753244,0.09935503497276844,0.15688713847568628,0.1583025332835415,0.167025712082915,0.17934112200688596
fatura_valor_2,0.2783143639977619,-0.031183472229667032,0.018748770808322445,-0.0216017798590305,0.054283074350341826,0.18985910889354352,0.23525694274352466,0.23729453440292597,0.22581631606808772,0.22691326699152764,0.22692443093066764,0.9514836727518164,1,0.9283262592714868,0.8924822912577247,0.8597783072714428,0.8315935591018228,0.2803653570141007,0.10085087751752837,0.15071819370167547,0.14739810422001154,0.1579574116239641,0.17425616563434304
fatura_valor_3,0.2832357835816837,-0.02456331168140327,0.013002400711998824,-0.024909451022500705,0.0537097051786593,0.17978528216681824,0.2241458550316268,0.22749432669556016,0.24498313796206522,0.2433346809202376,0.2411811460423211,0.892278529127181,0.9283262592714868,1,0.9239694565909823,0.8839096973620093,0.8533200905940505,0.2443352376081592,0.31693597717968836,0.13001118162442066,0.14340460499244467,0.17971235040649178,0.18232596615205257
fatura_valor_4,0.2939876237159871,-0.02187967907348509,-4.513453087488742e-4,-0.0233438469153761,0.05135309324332045,0.17912477062587792,0.22223651161283858,0.22720228070078816,0.24591720419843824,0.2719150069981082,0.2663560690339061,0.8602721890293087,0.8924822912577247,0.9239694565909823,1,0.9401344040880049,0.9009409547978419,0.23301185215343587,0.20756372904207585,0.3000225291116489,0.13019140778780833,0.16043303762900493,0.17763699418674445
fatura_valor_5,0.2955623376582322,-0.017005180187325938,-0.0075665030468415675,-0.02539339799127467,0.0493450481126112,0.1806346254012071,0.2213483730334268,0.22514519307202102,0.24290205842488427,0.2697830901511365,0.2908937449486052,0.8297786058329929,0.8597783072714428,0.8839096973620093,0.9401344040880049,1,0.9461968070521903,0.21703082377804805,0.1812464910522764,0.25230486173062866,0.2931184631844313,0.14157417995960656,0.16418445035361692
fatura_valor_6,0.2903889506479484,-0.016733126348159055,-0.009098954697455287,-0.02120682480007925,0.047612677990510985,0.17698029564144022,0.2194033512866797,0.22232673743630643,0.23915412960583946,0.262509251668419,0.2850909906925681,0.8026501885528523,0.8315935591018228,0.8533200905940505,0.9009409547978419,0.9461968070521903,1,0.19996500616338558,0.17266293741802888,0.23376979332693473,0.2502368249334391,0.30772888950115496,0.11549416685164514
pagto_valor_1,0.1952359152322094,-2.424545629413905e-4,-0.037456183913116545,-0.0059789997808353396,0.02614667905698888,-0.0792687111854194,-0.08070070981016712,0.0012948143319479733,-0.009362135754402243,-0.006088757138842332,-0.0014962890433180731,0.1402772775753244,0.2803653570141007,0.2443352376081592,0.23301185215343587,0.21703082377804805,0.19996500616338558,1,0.2855755286868427,0.25219113895240225,0.1995579311706808,0.14845927501534328,0.18573525544572764
pagto_valor_2,0.17840795368370446,-0.0013909096590867416,-0.030038186562838545,-0.008092702837779978,0.02178489339261368,-0.07010052119393792,-0.05898999903461274,-0.06679339566551315,-0.001943656607903976,-0.0031913323070527884,-0.005223268144054515,0.09935503497276844,0.10085087751752837,0.31693597717968836,0.20756372904207585,0.1812464910522764,0.17266293741802888,0.2855755286868427,1,0.24477045029284733,0.18010674364562398,0.1809077525941695,0.15763391627233475
pagto_valor_3,0.21016674772338986,-0.00859662491174365,-0.03994314086710713,-0.0035413519467575837,0.029247353045010364,-0.07056083767035523,-0.05590123130096803,-0.05331077958610213,-0.06923520356768684,0.009062362681555518,0.005833774192896929,0.15688713847568628,0.15071819370167547,0.13001118162442066,0.3000225291116489,0.25230486173062866,0.23376979332693473,0.25219113895240225,0.24477045029284733,1,0.21632509170084335,0.15921372030871164,0.16274003329183442
pagto_valor_4,0.20324241022458225,-0.002228971507005885,-0.03821816611134169,-0.01265927889271911,0.021379005615589933,-0.06400488888773116,-0.04685841151354553,-0.04606653388796135,-0.04346142965539468,-0.05829886530946867,0.01901786328244164,0.1583025332835415,0.14739810422001154,0.14340460499244467,0.13019140778780833,0.2931184631844313,0.2502368249334391,0.1995579311706808,0.18010674364562398,0.21632509170084335,1,0.15183043582617864,0.15783391560137208
pagto_valor_5,0.2172024323954964,-0.0016671618004742287,-0.04035845492819669,-0.001204756915565239,0.022849973558558473,-0.05818988594977733,-0.037093079770128254,-0.03586307056136072,-0.03358953474812156,-0.0333365042128013,-0.04643364107299612,0.167025712082915,0.1579574116239641,0.17971235040649178,0.16043303762900493,0.14157417995960656,0.30772888950115496,0.14845927501534328,0.1809077525941695,0.15921372030871164,0.15183043582617864,1,0.15489552525961633
pagto_valor_6,0.2195953686044186,-0.0027660222828917017,-0.037199903089169414,-0.006640941925653485,0.01947815296986948,-0.0586732143760703,-0.03650037552721855,-0.035861083718773064,-0.02656508796765079,-0.02302745098759596,-0.025299338462285284,0.17934112200688596,0.17425616563434304,0.18232596615205257,0.17763699418674445,0.16418445035361692,0.11549416685164514,0.18573525544572764,0.15763391627233475,0.16274003329183442,0.15783391560137208,0.15489552525961633,1
